"1","Jone","harward","F","Lacknow","114567892","jone@gmail.com","jone"
"2","Kamal","Nelson","M","Haputhale","674532789","kamal@gmail.com","kamal"
"3","Namal","Gamlath","F","Dehiwala","674523789","namal@gmail.com","namal"
"4","Amal","Khan","M","Kadhana","562346783","amal@gmail.com","amal"
"5","Sudha","Krishnan","F","Jaffna","645623765","sudha@gmail.com","sudha"
"2","1","3","Hemal Geganage","staff","451-kio-456","2021-08-28","2021-10-30"
"200","5","634567098","Kasun Desilva","student","457-bvc-890","2021-10-03","2021-10-17"
"1","3","Home cooking","341-bnm-690","2021-10-10"
"2","2","English Grammer","765-hnj-234","2021-10-06"
"3","3","Home cooking","341-bnm-690","2021-10-20"
"4","3","Home cooking","341-bnm-690","2021-10-25"
"1","Books","Ama wathura","Buddhisam","1050","124-vbn-456"
"2","Books","English Grammer","English","150","765-hnj-234"
"3","Journals","Home cooking","Science","150","341-bnm-690"
"4","Journals","Nuga Sewana","Science","600","123-poi-367"
"5","Books","Madol Duwa","Sinhala Story","180","347-thd-098"
"7","Course materials","Software II","Engineering","1050","234-ghj-347"
"8","Books","Poems","English","1010","567-sdf-234"
"9","Course materials","Python Basics","Engineering","340","234-yhj-590"
"10","Books","Nova","English Story","260","123-edf-368"
"1","10","15","345672345","Kamal Perera","student","2021-10-13","1000","420"
"2","5","28","2","Sachini Waduge","staff","2021-10-17","250","100"
"1","Kamala","Perera","F","Kahathuduwa","Electrical","348712345","kamala@gmail.com"
"2","Sachini","Waduge","F","Mahara","Finance","450456784","sachi@gmail.com"
"3","Hemal","Geganage","M","Kaduwela","Civil","346723450","hemal@gmail.com"
"1","Kamal","Perera","345672345","M","Mathale","undergraduate","782345678","kamal@gmail.com"
"2","Sachi","Perera","562345086","F","Mathara","masters","306743459","sachi@gmail.com"
"3","Sudath","Perera","560345762","M","Padukka","undergraduate","423323456","sudath@gmail.com"
"4","Kavidu","Mahawaththa","456981345","M","Mirigama","Masters","567123678","kavidu@gmail.com"
"1","admin","5","90","1"
"2","staff","5","90","1"
"3","student","3","14","0.05"
